Root Superpathway	Gene Identifier	Log fold difference	Pointwise Relative Entropy
Processing of Capped Intron-Containing Pre-mRNA	NUP58	0.092956303	0.009450673
Processing of Capped Intron-Containing Pre-mRNA	LSM1	0.077960546	0.009450673
Processing of Capped Intron-Containing Pre-mRNA	LSM3	0.172404318	0.009450673
Processing of Capped Intron-Containing Pre-mRNA	LSM5	0.136092556	0.009450673
Processing of Capped Intron-Containing Pre-mRNA	LSM6	0.107039724	0.009450673
Processing of Capped Intron-Containing Pre-mRNA	LSM8	0.136068823	0.009450673
Processing of Capped Intron-Containing Pre-mRNA	NAA38	0.094494423	0.009450673
Processing of Capped Intron-Containing Pre-mRNA	PARN	0.07829931	0.009450673
Processing of Capped Intron-Containing Pre-mRNA	ACLY	0.096205575	0.009450673
Processing of Capped Intron-Containing Pre-mRNA	PDCD7	0.066524518	0.009450673
Processing of Capped Intron-Containing Pre-mRNA	SNRPB	0.147946619	0.009450673
Processing of Capped Intron-Containing Pre-mRNA	SNRPD1	0.105863673	0.009450673
Processing of Capped Intron-Containing Pre-mRNA	SNRPD3	0.166477419	0.009450673
Processing of Capped Intron-Containing Pre-mRNA	SNRPE	0.121041213	0.009450673
Processing of Capped Intron-Containing Pre-mRNA	SNRPF	0.09805925	0.009450673
Processing of Capped Intron-Containing Pre-mRNA	SNRPG	0.079373982	0.009450673
Processing of Capped Intron-Containing Pre-mRNA	ZCRB1	0.096552006	0.009450673
Processing of Capped Intron-Containing Pre-mRNA	ZMAT5	0.062893892	0.009450673
Processing of Capped Intron-Containing Pre-mRNA	CAPG	0.25434739	0.009450673
Processing of Capped Intron-Containing Pre-mRNA	GLOD4	0.09686241	0.009450673
Processing of Capped Intron-Containing Pre-mRNA	PPIL3	0.074595817	0.009450673
Processing of Capped Intron-Containing Pre-mRNA	SRRT	0.105215086	0.009450673
Processing of Capped Intron-Containing Pre-mRNA	SRSF11	0.113804593	0.009450673
Processing of Capped Intron-Containing Pre-mRNA	DHX38	0.061582202	0.009450673
Processing of Capped Intron-Containing Pre-mRNA	EIF4A3	0.070581639	0.009450673
Processing of Capped Intron-Containing Pre-mRNA	HNRNPM	0.134910012	0.009450673
Processing of Capped Intron-Containing Pre-mRNA	ILF2	0.107639813	0.009450673
Processing of Capped Intron-Containing Pre-mRNA	ILF3	0.128510933	0.009450673
Processing of Capped Intron-Containing Pre-mRNA	ISY1	0.077320313	0.009450673
Processing of Capped Intron-Containing Pre-mRNA	MAGOH	0.092709269	0.009450673
Processing of Capped Intron-Containing Pre-mRNA	PCBP1	0.139802031	0.009450673
Processing of Capped Intron-Containing Pre-mRNA	PNN	0.069588551	0.009450673
Processing of Capped Intron-Containing Pre-mRNA	SLBP	0.100880148	0.009450673
Processing of Capped Intron-Containing Pre-mRNA	SNRNP70	0.068727681	0.009450673
Processing of Capped Intron-Containing Pre-mRNA	SNU13	0.086754774	0.009450673
Processing of Capped Intron-Containing Pre-mRNA	FBXW11	0.089218303	0.009450673
Processing of Capped Intron-Containing Pre-mRNA	HDAC1	0.113798635	0.009450673
Processing of Capped Intron-Containing Pre-mRNA	NUP107	0.121860872	0.009450673
Processing of Capped Intron-Containing Pre-mRNA	NUP210	0.087356029	0.009450673
Processing of Capped Intron-Containing Pre-mRNA	PSEN1	0.053249815	0.009450673
Processing of Capped Intron-Containing Pre-mRNA	RANBP2	0.099700701	0.009450673
Processing of Capped Intron-Containing Pre-mRNA	RANGAP1	0.090984471	0.009450673
Processing of Capped Intron-Containing Pre-mRNA	RBM17	0.104571578	0.009450673
Processing of Capped Intron-Containing Pre-mRNA	RBM25	0.056527129	0.009450673
Processing of Capped Intron-Containing Pre-mRNA	RBM39	0.096726407	0.009450673
Processing of Capped Intron-Containing Pre-mRNA	SF1	0.050303295	0.009450673
Processing of Capped Intron-Containing Pre-mRNA	TCERG1	0.087757841	0.009450673
Processing of Capped Intron-Containing Pre-mRNA	U2AF2	0.067314436	0.009450673
Processing of Capped Intron-Containing Pre-mRNA	AAAS	0.058622564	0.009450673
Processing of Capped Intron-Containing Pre-mRNA	ANP32A	0.097948117	0.009450673
Processing of Capped Intron-Containing Pre-mRNA	AQR	0.064611111	0.009450673
Processing of Capped Intron-Containing Pre-mRNA	BCAS2	0.065232915	0.009450673
Processing of Capped Intron-Containing Pre-mRNA	CD2BP2	0.050903926	0.009450673
Processing of Capped Intron-Containing Pre-mRNA	CDC40	0.061362297	0.009450673
Processing of Capped Intron-Containing Pre-mRNA	CDC5L	0.078943176	0.009450673
Processing of Capped Intron-Containing Pre-mRNA	CELF1	0.082487213	0.009450673
Processing of Capped Intron-Containing Pre-mRNA	CPSF7	0.060589808	0.009450673
Processing of Capped Intron-Containing Pre-mRNA	CSNK2A1	0.104294947	0.009450673
Processing of Capped Intron-Containing Pre-mRNA	CSTF3	0.056307691	0.009450673
Processing of Capped Intron-Containing Pre-mRNA	CWC27	0.086174215	0.009450673
Processing of Capped Intron-Containing Pre-mRNA	DDX19B	0.051452391	0.009450673
Processing of Capped Intron-Containing Pre-mRNA	DDX23	0.077416196	0.009450673
Processing of Capped Intron-Containing Pre-mRNA	DDX39A	0.067401689	0.009450673
Processing of Capped Intron-Containing Pre-mRNA	DDX46	0.091164448	0.009450673
Processing of Capped Intron-Containing Pre-mRNA	DHX15	0.070538444	0.009450673
Processing of Capped Intron-Containing Pre-mRNA	DHX8	0.05503889	0.009450673
Processing of Capped Intron-Containing Pre-mRNA	DHX9	0.053543807	0.009450673
Processing of Capped Intron-Containing Pre-mRNA	DIMT1	0.059489958	0.009450673
Processing of Capped Intron-Containing Pre-mRNA	EED	0.092150546	0.009450673
Processing of Capped Intron-Containing Pre-mRNA	EFTUD2	0.089420226	0.009450673
Processing of Capped Intron-Containing Pre-mRNA	ELAVL1	0.097585338	0.009450673
Processing of Capped Intron-Containing Pre-mRNA	EWSR1	0.068364281	0.009450673
Processing of Capped Intron-Containing Pre-mRNA	FUS	0.096212281	0.009450673
Processing of Capped Intron-Containing Pre-mRNA	G3BP1	0.108989516	0.009450673
Processing of Capped Intron-Containing Pre-mRNA	GLYR1	0.081149438	0.009450673
Processing of Capped Intron-Containing Pre-mRNA	HNRNPA1	0.135559459	0.009450673
Processing of Capped Intron-Containing Pre-mRNA	HNRNPA2B1	0.062002822	0.009450673
Processing of Capped Intron-Containing Pre-mRNA	HNRNPAB	0.141957976	0.009450673
Processing of Capped Intron-Containing Pre-mRNA	HNRNPC	0.134272972	0.009450673
Processing of Capped Intron-Containing Pre-mRNA	HNRNPH1	0.106829684	0.009450673
Processing of Capped Intron-Containing Pre-mRNA	HNRNPH3	0.090227032	0.009450673
Processing of Capped Intron-Containing Pre-mRNA	HNRNPK	0.113608765	0.009450673
Processing of Capped Intron-Containing Pre-mRNA	HNRNPR	0.111045894	0.009450673
Processing of Capped Intron-Containing Pre-mRNA	HNRNPUL2	0.157793718	0.009450673
Processing of Capped Intron-Containing Pre-mRNA	ID2	0.096245167	0.009450673
Processing of Capped Intron-Containing Pre-mRNA	ID3	0.135846146	0.009450673
Processing of Capped Intron-Containing Pre-mRNA	KDM1A	0.082641226	0.009450673
Processing of Capped Intron-Containing Pre-mRNA	KHDRBS1	0.15023755	0.009450673
Processing of Capped Intron-Containing Pre-mRNA	KIF14	0.067420344	0.009450673
Processing of Capped Intron-Containing Pre-mRNA	MAP7D1	0.11143294	0.009450673
Processing of Capped Intron-Containing Pre-mRNA	MAPRE1	0.11549482	0.009450673
Processing of Capped Intron-Containing Pre-mRNA	MKI67	0.294818395	0.009450673
Processing of Capped Intron-Containing Pre-mRNA	MRE11	0.064467342	0.009450673
Processing of Capped Intron-Containing Pre-mRNA	MRTO4	0.053314461	0.009450673
Processing of Capped Intron-Containing Pre-mRNA	NDC1	0.056488878	0.009450673
Processing of Capped Intron-Containing Pre-mRNA	NONO	0.169963513	0.009450673
Processing of Capped Intron-Containing Pre-mRNA	NUP153	0.067553132	0.009450673
Processing of Capped Intron-Containing Pre-mRNA	NUP214	0.08314982	0.009450673
Processing of Capped Intron-Containing Pre-mRNA	NUP54	0.079255139	0.009450673
Processing of Capped Intron-Containing Pre-mRNA	NUP93	0.066989519	0.009450673
Processing of Capped Intron-Containing Pre-mRNA	NUP98	0.079817363	0.009450673
Processing of Capped Intron-Containing Pre-mRNA	PAPOLA	0.111372783	0.009450673
Processing of Capped Intron-Containing Pre-mRNA	PAX5	0.076612204	0.009450673
Processing of Capped Intron-Containing Pre-mRNA	PCF11	0.053767544	0.009450673
Processing of Capped Intron-Containing Pre-mRNA	PHF5A	0.119190796	0.009450673
Processing of Capped Intron-Containing Pre-mRNA	PLRG1	0.065280422	0.009450673
Processing of Capped Intron-Containing Pre-mRNA	PPIE	0.065507539	0.009450673
Processing of Capped Intron-Containing Pre-mRNA	PPIG	0.074349067	0.009450673
Processing of Capped Intron-Containing Pre-mRNA	PRKDC	0.1631843	0.009450673
Processing of Capped Intron-Containing Pre-mRNA	PRPF19	0.086240309	0.009450673
Processing of Capped Intron-Containing Pre-mRNA	PRPF4	0.096408242	0.009450673
Processing of Capped Intron-Containing Pre-mRNA	PRPF8	0.108886571	0.009450673
Processing of Capped Intron-Containing Pre-mRNA	PSMG2	0.149511328	0.009450673
Processing of Capped Intron-Containing Pre-mRNA	PTBP1	0.103836152	0.009450673
Processing of Capped Intron-Containing Pre-mRNA	RAE1	0.063579994	0.009450673
Processing of Capped Intron-Containing Pre-mRNA	RBBP4	0.130261303	0.009450673
Processing of Capped Intron-Containing Pre-mRNA	RBM22	0.063163398	0.009450673
Processing of Capped Intron-Containing Pre-mRNA	RBM5	0.085567465	0.009450673
Processing of Capped Intron-Containing Pre-mRNA	RBMX	0.084966698	0.009450673
Processing of Capped Intron-Containing Pre-mRNA	RNPS1	0.070892688	0.009450673
Processing of Capped Intron-Containing Pre-mRNA	RPA1	0.158897594	0.009450673
Processing of Capped Intron-Containing Pre-mRNA	RPL7L1	0.081638565	0.009450673
Processing of Capped Intron-Containing Pre-mRNA	SCAF8	0.053769423	0.009450673
Processing of Capped Intron-Containing Pre-mRNA	SF3A1	0.099650143	0.009450673
Processing of Capped Intron-Containing Pre-mRNA	SF3A2	0.07690038	0.009450673
Processing of Capped Intron-Containing Pre-mRNA	SF3A3	0.097422802	0.009450673
Processing of Capped Intron-Containing Pre-mRNA	SF3B1	0.09540693	0.009450673
Processing of Capped Intron-Containing Pre-mRNA	SF3B2	0.124745215	0.009450673
Processing of Capped Intron-Containing Pre-mRNA	SF3B3	0.09533579	0.009450673
Processing of Capped Intron-Containing Pre-mRNA	SF3B4	0.061182568	0.009450673
Processing of Capped Intron-Containing Pre-mRNA	SF3B5	0.127844236	0.009450673
Processing of Capped Intron-Containing Pre-mRNA	SF3B6	0.126311591	0.009450673
Processing of Capped Intron-Containing Pre-mRNA	SFPQ	0.106087723	0.009450673
Processing of Capped Intron-Containing Pre-mRNA	SH3BGRL	0.13496203	0.009450673
Processing of Capped Intron-Containing Pre-mRNA	SMARCC1	0.17774129	0.009450673
Processing of Capped Intron-Containing Pre-mRNA	SNRNP200	0.141452323	0.009450673
Processing of Capped Intron-Containing Pre-mRNA	SNRNP40	0.082094773	0.009450673
Processing of Capped Intron-Containing Pre-mRNA	SNRPA	0.110045974	0.009450673
Processing of Capped Intron-Containing Pre-mRNA	SNRPA1	0.102757117	0.009450673
Processing of Capped Intron-Containing Pre-mRNA	SNRPB2	0.108772473	0.009450673
Processing of Capped Intron-Containing Pre-mRNA	SNRPC	0.141541702	0.009450673
Processing of Capped Intron-Containing Pre-mRNA	SNW1	0.067600667	0.009450673
Processing of Capped Intron-Containing Pre-mRNA	SON	0.096468463	0.009450673
Processing of Capped Intron-Containing Pre-mRNA	SRRM1	0.085589517	0.009450673
Processing of Capped Intron-Containing Pre-mRNA	SRRM2	0.150669525	0.009450673
Processing of Capped Intron-Containing Pre-mRNA	SRSF1	0.079886894	0.009450673
Processing of Capped Intron-Containing Pre-mRNA	SRSF3	0.095334242	0.009450673
Processing of Capped Intron-Containing Pre-mRNA	SRSF9	0.130099792	0.009450673
Processing of Capped Intron-Containing Pre-mRNA	SUPT16H	0.102379012	0.009450673
Processing of Capped Intron-Containing Pre-mRNA	SUZ12	0.138847034	0.009450673
Processing of Capped Intron-Containing Pre-mRNA	SYNCRIP	0.112061429	0.009450673
Processing of Capped Intron-Containing Pre-mRNA	TARDBP	0.104762233	0.009450673
Processing of Capped Intron-Containing Pre-mRNA	TFDP1	0.158355498	0.009450673
Processing of Capped Intron-Containing Pre-mRNA	THOC2	0.067813429	0.009450673
Processing of Capped Intron-Containing Pre-mRNA	TMPO	0.150668094	0.009450673
Processing of Capped Intron-Containing Pre-mRNA	TNPO1	0.093562302	0.009450673
Processing of Capped Intron-Containing Pre-mRNA	TPR	0.106805636	0.009450673
Processing of Capped Intron-Containing Pre-mRNA	TRA2B	0.089235277	0.009450673
Processing of Capped Intron-Containing Pre-mRNA	TXNL4A	0.122457942	0.009450673
Processing of Capped Intron-Containing Pre-mRNA	U2SURP	0.080766703	0.009450673
Processing of Capped Intron-Containing Pre-mRNA	UTP20	0.074959816	0.009450673
Processing of Capped Intron-Containing Pre-mRNA	WNK1	0.155624835	0.009450673
Processing of Capped Intron-Containing Pre-mRNA	XRCC5	0.099417156	0.009450673
Processing of Capped Intron-Containing Pre-mRNA	YBX1	0.122154838	0.009450673
Processing of Capped Intron-Containing Pre-mRNA	ZBTB38	0.09071192	0.009450673
Metabolism of carbohydrates	ARHGAP15	0.067079045	0.005396317
Metabolism of carbohydrates	DHPS	0.085163238	0.005396317
Metabolism of carbohydrates	AZIN1	0.089668853	0.005396317
Metabolism of carbohydrates	OAZ2	0.055098468	0.005396317
Metabolism of carbohydrates	PCBD1	0.126660291	0.005396317
Metabolism of carbohydrates	ACBD6	0.107704138	0.005396317
Metabolism of carbohydrates	ACLY	0.096205575	0.005396317
Metabolism of carbohydrates	AKR1B1	0.170991299	0.005396317
Metabolism of carbohydrates	ANXA7	0.065270107	0.005396317
Metabolism of carbohydrates	AP2S1	0.203177053	0.005396317
Metabolism of carbohydrates	ATP6V0B	0.09358192	0.005396317
Metabolism of carbohydrates	BCL11A	0.080908451	0.005396317
Metabolism of carbohydrates	BNIP3	0.119236239	0.005396317
Metabolism of carbohydrates	DUT	0.190171611	0.005396317
Metabolism of carbohydrates	GAPDH	0.110080466	0.005396317
Metabolism of carbohydrates	GART	0.087101761	0.005396317
Metabolism of carbohydrates	GMIP	0.07726416	0.005396317
Metabolism of carbohydrates	GOLIM4	0.081071668	0.005396317
Metabolism of carbohydrates	GYG1	0.061429418	0.005396317
Metabolism of carbohydrates	HK1	0.079196751	0.005396317
Metabolism of carbohydrates	HPRT1	0.129254716	0.005396317
Metabolism of carbohydrates	IDE	0.050439588	0.005396317
Metabolism of carbohydrates	MAP3K14	0.141901585	0.005396317
Metabolism of carbohydrates	MAP3K8	0.135318463	0.005396317
Metabolism of carbohydrates	MGAT1	0.079748229	0.005396317
Metabolism of carbohydrates	MYH10	0.094260915	0.005396317
Metabolism of carbohydrates	PDCD6	0.100013225	0.005396317
Metabolism of carbohydrates	PFKFB3	0.084622804	0.005396317
Metabolism of carbohydrates	PGAM1	0.200347191	0.005396317
Metabolism of carbohydrates	PGK1	0.16762321	0.005396317
Metabolism of carbohydrates	PGLS	0.116418304	0.005396317
Metabolism of carbohydrates	PKIG	0.165987854	0.005396317
Metabolism of carbohydrates	PLIN2	0.069707208	0.005396317
Metabolism of carbohydrates	PPIA	0.089601457	0.005396317
Metabolism of carbohydrates	PPP1CA	0.149758519	0.005396317
Metabolism of carbohydrates	PPP1CC	0.148427339	0.005396317
Metabolism of carbohydrates	PPP1R12A	0.082592499	0.005396317
Metabolism of carbohydrates	PPP1R2	0.069428888	0.005396317
Metabolism of carbohydrates	PPP2R2A	0.059771788	0.005396317
Metabolism of carbohydrates	PPP2R5C	0.093622698	0.005396317
Metabolism of carbohydrates	PPP3R1	0.075991494	0.005396317
Metabolism of carbohydrates	PRDX1	0.058902443	0.005396317
Metabolism of carbohydrates	PRMT2	0.136422855	0.005396317
Metabolism of carbohydrates	PRPS1	0.074647677	0.005396317
Metabolism of carbohydrates	RDX	0.138551725	0.005396317
Metabolism of carbohydrates	RNASEH2C	0.09445838	0.005396317
Metabolism of carbohydrates	RNPEP	0.12068855	0.005396317
Metabolism of carbohydrates	SHOC2	0.07439161	0.005396317
Metabolism of carbohydrates	SLC25A5	0.165184457	0.005396317
Metabolism of carbohydrates	SNX14	0.090315091	0.005396317
Metabolism of carbohydrates	SPDL1	0.069195018	0.005396317
Metabolism of carbohydrates	TAGLN2	0.104188705	0.005396317
Metabolism of carbohydrates	TEC	0.065657101	0.005396317
Metabolism of carbohydrates	TK1	0.171039331	0.005396317
Metabolism of carbohydrates	TYMS	0.280571797	0.005396317
Metabolism of carbohydrates	UMPS	0.074670239	0.005396317
Metabolism of carbohydrates	ZFP36L2	0.074840522	0.005396317
Translation	LDHB	0.139344094	0.005366001
Translation	RACK1	0.059899026	0.005366001
Translation	XBP1	0.057382543	0.005366001
Translation	DHPS	0.085163238	0.005366001
Translation	EIF4B	0.121404513	0.005366001
Translation	EIF4E	0.059335694	0.005366001
Translation	EIF4G1	0.113841236	0.005366001
Translation	LSM6	0.107039724	0.005366001
Translation	LSM8	0.136068823	0.005366001
Translation	NAA38	0.094494423	0.005366001
Translation	NAXE	0.075701913	0.005366001
Translation	PABPC4	0.112189665	0.005366001
Translation	WDR44	0.065673362	0.005366001
Translation	METTL17	0.102545359	0.005366001
Translation	ACBD6	0.107704138	0.005366001
Translation	GAPDH	0.110080466	0.005366001
Translation	MAP3K14	0.141901585	0.005366001
Translation	PGK1	0.16762321	0.005366001
Translation	PGLS	0.116418304	0.005366001
Translation	PPIA	0.089601457	0.005366001
Translation	ESYT1	0.091751716	0.005366001
Translation	PCLAF	0.289677482	0.005366001
Translation	SERBP1	0.129178206	0.005366001
Translation	SSR2	0.131148859	0.005366001
Translation	IMPDH2	0.157950071	0.005366001
Translation	C1QBP	0.112365425	0.005366001
Translation	PMPCB	0.098640737	0.005366001
Translation	ETF1	0.098940865	0.005366001
Translation	GSPT1	0.130358073	0.005366001
Translation	LYAR	0.055166692	0.005366001
Translation	RPL17	0.065072679	0.005366001
Translation	RPL23	0.119191335	0.005366001
Translation	RPL26L1	0.102004018	0.005366001
Translation	RPL5	0.052010452	0.005366001
Translation	RPS16	0.06851191	0.005366001
Translation	RPS24	0.05440558	0.005366001
Translation	RPS29	0.118664413	0.005366001
Translation	SEC11A	0.14813293	0.005366001
Translation	CALU	0.058644214	0.005366001
Translation	CSNK2A2	0.060447616	0.005366001
Translation	EIF2A	0.081170889	0.005366001
Translation	ESR2	0.065121145	0.005366001
Translation	GFPT1	0.060026648	0.005366001
Translation	LRRK2	0.15819748	0.005366001
Translation	RAB5A	0.086326956	0.005366001
Translation	UBB	0.111906441	0.005366001
Translation	UBC	0.094642904	0.005366001
Translation	HNRNPA1	0.135559459	0.005366001
Translation	RPL7L1	0.081638565	0.005366001
Translation	SF3B5	0.127844236	0.005366001
Translation	YBX1	0.122154838	0.005366001
Translation	YBX3	0.053983041	0.005366001
Translation	IGBP1	0.113820089	0.005366001
Translation	TUBA1B	0.101143429	0.005366001
Translation	TUBA1C	0.176532307	0.005366001
Translation	FBL	0.1208148	0.005366001
Translation	PMPCA	0.06722132	0.005366001
Translation	RSL1D1	0.095512204	0.005366001
Translation	TFAM	0.061604226	0.005366001
Translation	TSR1	0.097485564	0.005366001
Translation	DLAT	0.073045466	0.005366001
Translation	EIF3K	0.106645107	0.005366001
Translation	EMC4	0.07836913	0.005366001
Translation	NDUFB9	0.127207383	0.005366001
Translation	ABCE1	0.061240984	0.005366001
Translation	ACTG1	0.077184661	0.005366001
Translation	ADSL	0.155292438	0.005366001
Translation	ANP32B	0.148516954	0.005366001
Translation	ATF4	0.142081516	0.005366001
Translation	ATF5	0.080035945	0.005366001
Translation	BDH1	0.06012537	0.005366001
Translation	BTF3	0.104561859	0.005366001
Translation	CALM2	0.147343601	0.005366001
Translation	CAMLG	0.101223982	0.005366001
Translation	CAVIN3	0.065877984	0.005366001
Translation	CCNB1IP1	0.101489604	0.005366001
Translation	CCNI	0.135415353	0.005366001
Translation	CENPX	0.086919968	0.005366001
Translation	CFL1	0.073819826	0.005366001
Translation	CHEK1	0.087233581	0.005366001
Translation	CNPY2	0.074178181	0.005366001
Translation	CSNK1D	0.083891065	0.005366001
Translation	CYLD	0.110748223	0.005366001
Translation	DALRD3	0.052521267	0.005366001
Translation	DENR	0.106242084	0.005366001
Translation	DNTTIP1	0.088319834	0.005366001
Translation	DUSP5	0.110472899	0.005366001
Translation	EDF1	0.090867478	0.005366001
Translation	EEF1E1	0.093309051	0.005366001
Translation	EEF2	0.121183541	0.005366001
Translation	EIF1	0.11360163	0.005366001
Translation	EIF1AX	0.112758648	0.005366001
Translation	EIF1B	0.112345084	0.005366001
Translation	EIF2AK4	0.128686633	0.005366001
Translation	EIF2D	0.143547129	0.005366001
Translation	EIF2S1	0.068126956	0.005366001
Translation	EIF2S2	0.109478898	0.005366001
Translation	EIF2S3	0.131070107	0.005366001
Translation	EIF3A	0.122067903	0.005366001
Translation	EIF3B	0.107492169	0.005366001
Translation	EIF3C	0.057459085	0.005366001
Translation	EIF3D	0.130096598	0.005366001
Translation	EIF3E	0.114124699	0.005366001
Translation	EIF3F	0.134188485	0.005366001
Translation	EIF3G	0.074305578	0.005366001
Translation	EIF3I	0.130360339	0.005366001
Translation	EIF3L	0.129596179	0.005366001
Translation	EIF3M	0.119915985	0.005366001
Translation	EIF5	0.116800241	0.005366001
Translation	ERAL1	0.154915695	0.005366001
Translation	ERGIC3	0.115714263	0.005366001
Translation	ETFA	0.12920869	0.005366001
Translation	GPR183	0.059728775	0.005366001
Translation	GRSF1	0.153873894	0.005366001
Translation	GSS	0.097466374	0.005366001
Translation	HAUS4	0.096414044	0.005366001
Translation	HERC2	0.069050238	0.005366001
Translation	HMGB1	0.139025962	0.005366001
Translation	HMGN2	0.203288877	0.005366001
Translation	HSD17B10	0.099315851	0.005366001
Translation	HSPA9	0.137817334	0.005366001
Translation	HSPD1	0.124355427	0.005366001
Translation	LAMTOR5	0.152354053	0.005366001
Translation	LETMD1	0.083165551	0.005366001
Translation	LRPPRC	0.129964002	0.005366001
Translation	LRRC47	0.055939294	0.005366001
Translation	LTA4H	0.11086777	0.005366001
Translation	LTV1	0.051242984	0.005366001
Translation	MCTS1	0.081026421	0.005366001
Translation	MRPL3	0.090657819	0.005366001
Translation	MRPL39	0.101485159	0.005366001
Translation	MRPS22	0.077127915	0.005366001
Translation	MYL6B	0.089030438	0.005366001
Translation	NAP1L1	0.163879216	0.005366001
Translation	NOA1	0.05854035	0.005366001
Translation	NOB1	0.11548189	0.005366001
Translation	NSA2	0.066011454	0.005366001
Translation	OAS3	0.096272686	0.005366001
Translation	OXA1L	0.127617501	0.005366001
Translation	PA2G4	0.07996659	0.005366001
Translation	PCK2	0.147135832	0.005366001
Translation	PEBP1	0.183903108	0.005366001
Translation	POLE4	0.10201741	0.005366001
Translation	POLR1D	0.163731241	0.005366001
Translation	PRDX4	0.086657883	0.005366001
Translation	RAB39B	0.054345105	0.005366001
Translation	RPL27	0.105587983	0.005366001
Translation	RPL37A	0.107716527	0.005366001
Translation	RPL38	0.115153795	0.005366001
Translation	RPL4	0.067268981	0.005366001
Translation	RPL41	0.132611581	0.005366001
Translation	RPS2	0.073850681	0.005366001
Translation	RPS20	0.123098145	0.005366001
Translation	RPS27L	0.235823893	0.005366001
Translation	RPS3	0.055906541	0.005366001
Translation	RPS6KB2	0.085979463	0.005366001
Translation	RPSA	0.071225211	0.005366001
Translation	SAAL1	0.056403958	0.005366001
Translation	SHMT2	0.181015552	0.005366001
Translation	SLC25A3	0.12019254	0.005366001
Translation	SLC25A6	0.143535327	0.005366001
Translation	SLIRP	0.069231795	0.005366001
Translation	SND1	0.085353606	0.005366001
Translation	SOD2	0.095510803	0.005366001
Translation	TIMM9	0.055071803	0.005366001
Translation	TLK1	0.136285847	0.005366001
Translation	TRIM25	0.013348219	0.005366001
Translation	TROAP	0.06546348	0.005366001
Translation	TXNRD1	0.092002308	0.005366001
Translation	USP3	0.072893535	0.005366001
Translation	VPS51	0.078992822	0.005366001
Translation	VRK1	0.095886868	0.005366001
Translation	YWHAH	0.189363162	0.005366001
Translation	ZNF22	0.050690294	0.005366001
Translation	ZNF581	0.125316079	0.005366001
Nonsense-Mediated Decay (NMD)	LARP4	0.096959916	0.00387808
Nonsense-Mediated Decay (NMD)	PABPC4	0.112189665	0.00387808
Nonsense-Mediated Decay (NMD)	PAIP2	0.113726061	0.00387808
Nonsense-Mediated Decay (NMD)	PAN3	0.078850823	0.00387808
Nonsense-Mediated Decay (NMD)	PPP1CC	0.148427339	0.00387808
Nonsense-Mediated Decay (NMD)	LRRC59	0.094310288	0.00387808
Nonsense-Mediated Decay (NMD)	ADAR	0.069957318	0.00387808
Nonsense-Mediated Decay (NMD)	AURKB	0.197388499	0.00387808
Nonsense-Mediated Decay (NMD)	CAND1	0.096891561	0.00387808
Nonsense-Mediated Decay (NMD)	CHD3	0.082925838	0.00387808
Nonsense-Mediated Decay (NMD)	CHMP4B	0.060367996	0.00387808
Nonsense-Mediated Decay (NMD)	CIT	0.105186083	0.00387808
Nonsense-Mediated Decay (NMD)	CUL1	0.119799366	0.00387808
Nonsense-Mediated Decay (NMD)	DHX38	0.061582202	0.00387808
Nonsense-Mediated Decay (NMD)	EIF4A3	0.070581639	0.00387808
Nonsense-Mediated Decay (NMD)	ETF1	0.098940865	0.00387808
Nonsense-Mediated Decay (NMD)	GNL3	0.073377996	0.00387808
Nonsense-Mediated Decay (NMD)	GSPT1	0.130358073	0.00387808
Nonsense-Mediated Decay (NMD)	HNRNPM	0.134910012	0.00387808
Nonsense-Mediated Decay (NMD)	ILF2	0.107639813	0.00387808
Nonsense-Mediated Decay (NMD)	ILF3	0.128510933	0.00387808
Nonsense-Mediated Decay (NMD)	ISY1	0.077320313	0.00387808
Nonsense-Mediated Decay (NMD)	KIF20A	0.075420071	0.00387808
Nonsense-Mediated Decay (NMD)	KIF23	0.096132767	0.00387808
Nonsense-Mediated Decay (NMD)	LYAR	0.055166692	0.00387808
Nonsense-Mediated Decay (NMD)	MAGOH	0.092709269	0.00387808
Nonsense-Mediated Decay (NMD)	MAP3K3	0.056909337	0.00387808
Nonsense-Mediated Decay (NMD)	NFX1	0.080544349	0.00387808
Nonsense-Mediated Decay (NMD)	NOP56	0.067981459	0.00387808
Nonsense-Mediated Decay (NMD)	NPM1	0.081906128	0.00387808
Nonsense-Mediated Decay (NMD)	PCBP1	0.139802031	0.00387808
Nonsense-Mediated Decay (NMD)	PIH1D1	0.097769367	0.00387808
Nonsense-Mediated Decay (NMD)	PNN	0.069588551	0.00387808
Nonsense-Mediated Decay (NMD)	PRC1	0.119156076	0.00387808
Nonsense-Mediated Decay (NMD)	RPL17	0.065072679	0.00387808
Nonsense-Mediated Decay (NMD)	RPL23	0.119191335	0.00387808
Nonsense-Mediated Decay (NMD)	RPL26L1	0.102004018	0.00387808
Nonsense-Mediated Decay (NMD)	RPL5	0.052010452	0.00387808
Nonsense-Mediated Decay (NMD)	RPS16	0.06851191	0.00387808
Nonsense-Mediated Decay (NMD)	RPS24	0.05440558	0.00387808
Nonsense-Mediated Decay (NMD)	RPS29	0.118664413	0.00387808
Nonsense-Mediated Decay (NMD)	SLBP	0.100880148	0.00387808
Nonsense-Mediated Decay (NMD)	SMG1	0.077733874	0.00387808
Nonsense-Mediated Decay (NMD)	SNRNP70	0.068727681	0.00387808
Nonsense-Mediated Decay (NMD)	SNU13	0.086754774	0.00387808
Nonsense-Mediated Decay (NMD)	ST13	0.142546093	0.00387808
Nonsense-Mediated Decay (NMD)	WWP2	0.064528773	0.00387808
The citric acid (TCA) cycle and respiratory electron transport	LDHB	0.139344094	0.002953329
The citric acid (TCA) cycle and respiratory electron transport	GCSH	0.119231427	0.002953329
The citric acid (TCA) cycle and respiratory electron transport	ACLY	0.096205575	0.002953329
The citric acid (TCA) cycle and respiratory electron transport	HK1	0.079196751	0.002953329
The citric acid (TCA) cycle and respiratory electron transport	CPT2	0.054238658	0.002953329
The citric acid (TCA) cycle and respiratory electron transport	LRRC59	0.094310288	0.002953329
The citric acid (TCA) cycle and respiratory electron transport	VAPA	0.056345166	0.002953329
The citric acid (TCA) cycle and respiratory electron transport	COX6A1	0.104261737	0.002953329
The citric acid (TCA) cycle and respiratory electron transport	PMPCB	0.098640737	0.002953329
The citric acid (TCA) cycle and respiratory electron transport	ATP2A2	0.05264178	0.002953329
The citric acid (TCA) cycle and respiratory electron transport	CUL9	0.059622357	0.002953329
The citric acid (TCA) cycle and respiratory electron transport	PMPCA	0.06722132	0.002953329
The citric acid (TCA) cycle and respiratory electron transport	ACAT1	0.110494091	0.002953329
The citric acid (TCA) cycle and respiratory electron transport	ATP5F1A	0.152723684	0.002953329
The citric acid (TCA) cycle and respiratory electron transport	ATP5F1B	0.149041538	0.002953329
The citric acid (TCA) cycle and respiratory electron transport	ATP5F1C	0.139458912	0.002953329
The citric acid (TCA) cycle and respiratory electron transport	ATP6V1B2	0.080193648	0.002953329
The citric acid (TCA) cycle and respiratory electron transport	CORO1C	0.121784453	0.002953329
The citric acid (TCA) cycle and respiratory electron transport	COX5A	0.131363585	0.002953329
The citric acid (TCA) cycle and respiratory electron transport	COX5B	0.119667403	0.002953329
The citric acid (TCA) cycle and respiratory electron transport	COX6C	0.126662117	0.002953329
The citric acid (TCA) cycle and respiratory electron transport	COX7A2	0.125413053	0.002953329
The citric acid (TCA) cycle and respiratory electron transport	COX7A2L	0.167807059	0.002953329
The citric acid (TCA) cycle and respiratory electron transport	COX7C	0.109641955	0.002953329
The citric acid (TCA) cycle and respiratory electron transport	COX8A	0.161082992	0.002953329
The citric acid (TCA) cycle and respiratory electron transport	CPOX	0.058340801	0.002953329
The citric acid (TCA) cycle and respiratory electron transport	CYC1	0.131713851	0.002953329
The citric acid (TCA) cycle and respiratory electron transport	DBI	0.123184203	0.002953329
The citric acid (TCA) cycle and respiratory electron transport	DLAT	0.073045466	0.002953329
The citric acid (TCA) cycle and respiratory electron transport	EIF3K	0.106645107	0.002953329
The citric acid (TCA) cycle and respiratory electron transport	EMC4	0.07836913	0.002953329
The citric acid (TCA) cycle and respiratory electron transport	FH	0.117264548	0.002953329
The citric acid (TCA) cycle and respiratory electron transport	HERC6	0.010429923	0.002953329
The citric acid (TCA) cycle and respiratory electron transport	IDH2	0.191160715	0.002953329
The citric acid (TCA) cycle and respiratory electron transport	IDH3G	0.094448362	0.002953329
The citric acid (TCA) cycle and respiratory electron transport	LAMTOR3	0.105374232	0.002953329
The citric acid (TCA) cycle and respiratory electron transport	NDUFB5	0.135187579	0.002953329
The citric acid (TCA) cycle and respiratory electron transport	NDUFB9	0.127207383	0.002953329
The citric acid (TCA) cycle and respiratory electron transport	NDUFS3	0.124572701	0.002953329
The citric acid (TCA) cycle and respiratory electron transport	NDUFS5	0.110910644	0.002953329
The citric acid (TCA) cycle and respiratory electron transport	NDUFS8	0.121688542	0.002953329
The citric acid (TCA) cycle and respiratory electron transport	NDUFV2	0.150740813	0.002953329
The citric acid (TCA) cycle and respiratory electron transport	PTGES2	0.08942946	0.002953329
The citric acid (TCA) cycle and respiratory electron transport	SDHA	0.186639706	0.002953329
The citric acid (TCA) cycle and respiratory electron transport	SDHD	0.120928427	0.002953329
The citric acid (TCA) cycle and respiratory electron transport	SQOR	0.072245304	0.002953329
The citric acid (TCA) cycle and respiratory electron transport	TST	0.057013115	0.002953329
The citric acid (TCA) cycle and respiratory electron transport	TXNRD2	0.052697735	0.002953329
The citric acid (TCA) cycle and respiratory electron transport	UCP2	0.082937071	0.002953329
The citric acid (TCA) cycle and respiratory electron transport	UQCR10	0.126081677	0.002953329
The citric acid (TCA) cycle and respiratory electron transport	UQCR11	0.108966737	0.002953329
The citric acid (TCA) cycle and respiratory electron transport	UQCRB	0.114364362	0.002953329
The citric acid (TCA) cycle and respiratory electron transport	UQCRC1	0.171810325	0.002953329
The citric acid (TCA) cycle and respiratory electron transport	UQCRC2	0.083654683	0.002953329
The citric acid (TCA) cycle and respiratory electron transport	UQCRFS1	0.132075707	0.002953329
The citric acid (TCA) cycle and respiratory electron transport	UQCRH	0.193280325	0.002953329
The citric acid (TCA) cycle and respiratory electron transport	UQCRQ	0.134567381	0.002953329
The citric acid (TCA) cycle and respiratory electron transport	VDAC2	0.149948721	0.002953329
Metabolism of nucleotides	HPRT1	0.129254716	0.002112118
Metabolism of nucleotides	PGLS	0.116418304	0.002112118
Metabolism of nucleotides	HTATIP2	0.071740939	0.002112118
Metabolism of nucleotides	NME1	0.131807263	0.002112118
Metabolism of nucleotides	ADA	0.206033172	0.002112118
Metabolism of nucleotides	ANXA5	0.181959795	0.002112118
Metabolism of nucleotides	CAPG	0.25434739	0.002112118
Metabolism of nucleotides	CHRAC1	0.067142078	0.002112118
Metabolism of nucleotides	EFHD2	0.078680873	0.002112118
Metabolism of nucleotides	ESD	0.10696308	0.002112118
Metabolism of nucleotides	GLOD4	0.09686241	0.002112118
Metabolism of nucleotides	GLRX	0.050156178	0.002112118
Metabolism of nucleotides	IMPDH2	0.157950071	0.002112118
Metabolism of nucleotides	PGM1	0.072646528	0.002112118
Metabolism of nucleotides	PNP	0.090264256	0.002112118
Metabolism of nucleotides	PPIL3	0.074595817	0.002112118
Metabolism of nucleotides	RRM1	0.144873076	0.002112118
Metabolism of nucleotides	RRM2	0.26195895	0.002112118
Metabolism of nucleotides	UCK2	0.067175495	0.002112118
Processing of Capped Intronless Pre-mRNA	TENT2	0.064454648	0.001108671
Processing of Capped Intronless Pre-mRNA	SLBP	0.100880148	0.001108671
Processing of Capped Intronless Pre-mRNA	MKNK2	0.152219495	0.001108671
Processing of Capped Intronless Pre-mRNA	CDKN2AIP	0.059956592	0.001108671
Processing of Capped Intronless Pre-mRNA	ESR2	0.065121145	0.001108671
Processing of Capped Intronless Pre-mRNA	CPSF7	0.060589808	0.001108671
Processing of Capped Intronless Pre-mRNA	CSTF3	0.056307691	0.001108671
Processing of Capped Intronless Pre-mRNA	NONO	0.169963513	0.001108671
Processing of Capped Intronless Pre-mRNA	PAPOLA	0.111372783	0.001108671
Processing of Capped Intronless Pre-mRNA	PCF11	0.053767544	0.001108671
Processing of Capped Intronless Pre-mRNA	SFPQ	0.106087723	0.001108671
Processing of Capped Intronless Pre-mRNA	API5	0.064037622	0.001108671
Processing of Capped Intronless Pre-mRNA	CAPRIN1	0.127537816	0.001108671
Processing of Capped Intronless Pre-mRNA	CKAP5	0.139862958	0.001108671
Processing of Capped Intronless Pre-mRNA	KIF2A	0.095873284	0.001108671
Processing of Capped Intronless Pre-mRNA	NCOA7	0.075654712	0.001108671
Processing of Capped Intronless Pre-mRNA	RBBP6	0.061189251	0.001108671
Processing of Capped Intronless Pre-mRNA	TSEN54	0.058171397	0.001108671
Processing of Capped Intronless Pre-mRNA	USP10	0.071995822	0.001108671
Processing of Capped Intronless Pre-mRNA	YBX3	0.053983041	0.001108671
Protein folding	PPP2R2A	0.059771788	0.000716205
Protein folding	NME1	0.131807263	0.000716205
Protein folding	LGALS3BP	0.019711282	0.000716205
Protein folding	MAPRE1	0.11549482	0.000716205
Protein folding	PSMG2	0.149511328	0.000716205
Protein folding	CKAP5	0.139862958	0.000716205
Protein folding	BUB3	0.166217113	0.000716205
Protein folding	CCT2	0.092207881	0.000716205
Protein folding	CCT3	0.100567483	0.000716205
Protein folding	CCT7	0.154359853	0.000716205
Protein folding	CCT8	0.102150817	0.000716205
Protein folding	CDC20	0.177087515	0.000716205
Protein folding	CDC37	0.118450612	0.000716205
Protein folding	CRK	0.050642003	0.000716205
Protein folding	ELMO1	0.12005442	0.000716205
Protein folding	IGBP1	0.113820089	0.000716205
Protein folding	KDM5B	0.067986842	0.000716205
Protein folding	MAX	0.058151557	0.000716205
Protein folding	NDC80	0.151931746	0.000716205
Protein folding	PDRG1	0.069203778	0.000716205
Protein folding	PPP2CA	0.099946223	0.000716205
Protein folding	PSIP1	0.219902905	0.000716205
Protein folding	RHOG	0.183102289	0.000716205
Protein folding	STMN1	0.260380486	0.000716205
Protein folding	TBCB	0.088733949	0.000716205
Protein folding	TBCD	0.063738284	0.000716205
Protein folding	TCP1	0.094320809	0.000716205
Protein folding	TUBA1A	0.156627125	0.000716205
Protein folding	TUBA1B	0.101143429	0.000716205
Protein folding	TUBA1C	0.176532307	0.000716205
Protein folding	TUBB	0.087774374	0.000716205
Protein folding	TUBB2A	0.087459463	0.000716205
Protein folding	TUBB6	0.129073184	0.000716205
Protein folding	TUBG1	0.102023035	0.000716205
Protein folding	VCP	0.117618203	0.000716205
Peptide hormone metabolism	GNA13	0.087282209	0.000243406
Peptide hormone metabolism	AKAP10	0.05038135	0.000243406
Peptide hormone metabolism	CD274	0.038151866	0.000243406
Peptide hormone metabolism	EXOC5	0.052087083	0.000243406
Peptide hormone metabolism	EXOC6	0.052778562	0.000243406
Peptide hormone metabolism	FBH1	0.066240833	0.000243406
Peptide hormone metabolism	MKNK2	0.152219495	0.000243406
Peptide hormone metabolism	SEC11A	0.14813293	0.000243406
Peptide hormone metabolism	XPO6	0.133595818	0.000243406
Metabolism of non-coding RNA	LAMP1	0.058251673	0.000234963
Metabolism of non-coding RNA	LGALS3	0.238283066	0.000234963
Metabolism of non-coding RNA	LGALS3BP	0.019711282	0.000234963
Metabolism of non-coding RNA	PDCD7	0.066524518	0.000234963
Metabolism of non-coding RNA	SNRPB	0.147946619	0.000234963
Metabolism of non-coding RNA	SNRPD1	0.105863673	0.000234963
Metabolism of non-coding RNA	SNRPD3	0.166477419	0.000234963
Metabolism of non-coding RNA	SNRPE	0.121041213	0.000234963
Metabolism of non-coding RNA	SNRPF	0.09805925	0.000234963
Metabolism of non-coding RNA	SNRPG	0.079373982	0.000234963
Metabolism of non-coding RNA	STK17B	0.081878785	0.000234963
Metabolism of non-coding RNA	STRAP	0.111884198	0.000234963
Metabolism of non-coding RNA	ZCRB1	0.096552006	0.000234963
Metabolism of non-coding RNA	ZMAT5	0.062893892	0.000234963
Regulation of mRNA stability by proteins that bind AU-rich elements	C1D	0.060874628	-9.09E-05
Regulation of mRNA stability by proteins that bind AU-rich elements	EXOSC1	0.073003499	-9.09E-05
Regulation of mRNA stability by proteins that bind AU-rich elements	EXOSC3	0.091781112	-9.09E-05
Regulation of mRNA stability by proteins that bind AU-rich elements	EXOSC5	0.056561267	-9.09E-05
Regulation of mRNA stability by proteins that bind AU-rich elements	EXOSC7	0.068317161	-9.09E-05
Regulation of mRNA stability by proteins that bind AU-rich elements	EXOSC8	0.138523541	-9.09E-05
Regulation of mRNA stability by proteins that bind AU-rich elements	EXOSC9	0.088060464	-9.09E-05
Regulation of mRNA stability by proteins that bind AU-rich elements	LSM1	0.077960546	-9.09E-05
Regulation of mRNA stability by proteins that bind AU-rich elements	LSM3	0.172404318	-9.09E-05
Regulation of mRNA stability by proteins that bind AU-rich elements	LSM5	0.136092556	-9.09E-05
Regulation of mRNA stability by proteins that bind AU-rich elements	NOL7	0.086495926	-9.09E-05
Regulation of mRNA stability by proteins that bind AU-rich elements	WDR75	0.053190019	-9.09E-05
Regulation of mRNA stability by proteins that bind AU-rich elements	GTPBP1	0.051941147	-9.09E-05
rRNA processing	DKC1	0.056972913	-0.000582398
rRNA processing	C1D	0.060874628	-0.000582398
rRNA processing	EXOSC1	0.073003499	-0.000582398
rRNA processing	EXOSC3	0.091781112	-0.000582398
rRNA processing	EXOSC5	0.056561267	-0.000582398
rRNA processing	EXOSC7	0.068317161	-0.000582398
rRNA processing	EXOSC8	0.138523541	-0.000582398
rRNA processing	EXOSC9	0.088060464	-0.000582398
rRNA processing	WDR75	0.053190019	-0.000582398
rRNA processing	PPP1CA	0.149758519	-0.000582398
rRNA processing	SNRPD1	0.105863673	-0.000582398
rRNA processing	GNL3	0.073377996	-0.000582398
rRNA processing	LYAR	0.055166692	-0.000582398
rRNA processing	NOP56	0.067981459	-0.000582398
rRNA processing	SNU13	0.086754774	-0.000582398
rRNA processing	DIMT1	0.059489958	-0.000582398
rRNA processing	SYNCRIP	0.112061429	-0.000582398
rRNA processing	UTP20	0.074959816	-0.000582398
rRNA processing	BANF1	0.107306287	-0.000582398
rRNA processing	EIF4EBP1	0.128310994	-0.000582398
rRNA processing	FBL	0.1208148	-0.000582398
rRNA processing	MLST8	0.093741519	-0.000582398
rRNA processing	NAT10	0.05775263	-0.000582398
rRNA processing	PES1	0.064652083	-0.000582398
rRNA processing	PMPCA	0.06722132	-0.000582398
rRNA processing	POLD2	0.058065891	-0.000582398
rRNA processing	PSMD3	0.064175679	-0.000582398
rRNA processing	RSL1D1	0.095512204	-0.000582398
rRNA processing	TFAM	0.061604226	-0.000582398
rRNA processing	TFB2M	0.054485868	-0.000582398
rRNA processing	TRAP1	0.13985949	-0.000582398
rRNA processing	TSR1	0.097485564	-0.000582398
rRNA processing	UTP6	0.052059052	-0.000582398
mRNA Editing	PPIA	0.089601457	-0.000819331
mRNA Editing	ADAR	0.069957318	-0.000819331
mRNA Editing	ADARB1	0.078860001	-0.000819331
mRNA Editing	BATF	0.104302514	-0.000819331
mRNA Editing	BATF3	0.102072252	-0.000819331
mRNA Editing	CELF2	0.179083015	-0.000819331
mRNA Editing	JUN	0.122774171	-0.000819331
mRNA Editing	MAZ	0.104233977	-0.000819331
mRNA Editing	SNAPC5	0.06109426	-0.000819331
mRNA Editing	SRRT	0.105215086	-0.000819331
mRNA Editing	SRSF11	0.113804593	-0.000819331
tRNA processing	NPM1	0.081906128	-0.000893815
tRNA processing	DHX9	0.053543807	-0.000893815
tRNA processing	FUS	0.096212281	-0.000893815
tRNA processing	TSEN54	0.058171397	-0.000893815
tRNA processing	HSD17B10	0.099315851	-0.000893815
tRNA processing	ARPC5	0.161729751	-0.000893815
tRNA processing	DBNL	0.105012316	-0.000893815
tRNA processing	DICER1	0.069883837	-0.000893815
tRNA processing	SH3GLB1	0.102606353	-0.000893815
tRNA processing	SS18	0.081696415	-0.000893815
tRNA processing	TYW3	0.101566351	-0.000893815
tRNA processing	UBA5	0.102746759	-0.000893815
Metabolism of amino acids and derivatives	DHPS	0.085163238	-0.001016872
Metabolism of amino acids and derivatives	AZIN1	0.089668853	-0.001016872
Metabolism of amino acids and derivatives	BNIP2	0.09648427	-0.001016872
Metabolism of amino acids and derivatives	GCSH	0.119231427	-0.001016872
Metabolism of amino acids and derivatives	METTL17	0.102545359	-0.001016872
Metabolism of amino acids and derivatives	NQO1	0.23311216	-0.001016872
Metabolism of amino acids and derivatives	OAZ2	0.055098468	-0.001016872
Metabolism of amino acids and derivatives	ODC1	0.079256026	-0.001016872
Metabolism of amino acids and derivatives	PCBD1	0.126660291	-0.001016872
Metabolism of amino acids and derivatives	PICALM	0.103658853	-0.001016872
Metabolism of amino acids and derivatives	SLC25A11	0.067227577	-0.001016872
Integration of energy metabolism	ADIPOR1	0.092792688	-0.001668033
Integration of energy metabolism	CXCR5	0.059693268	-0.001668033
Integration of energy metabolism	GNA13	0.087282209	-0.001668033
Integration of energy metabolism	MLX	0.080637957	-0.001668033
Integration of energy metabolism	PLEK	0.111248449	-0.001668033
Integration of energy metabolism	TFEB	0.089697006	-0.001668033
Integration of energy metabolism	TFEC	0.050299149	-0.001668033
Metabolism of vitamins and cofactors	CPT2	0.054238658	-0.001975601
Metabolism of vitamins and cofactors	C1QBP	0.112365425	-0.001975601
Metabolism of vitamins and cofactors	CHD6	0.085681836	-0.001975601
Metabolism of vitamins and cofactors	COX6A1	0.104261737	-0.001975601
Metabolism of vitamins and cofactors	KYNU	0.117687395	-0.001975601
Metabolism of vitamins and cofactors	LRP10	0.058915352	-0.001975601
Metabolism of vitamins and cofactors	PMPCB	0.098640737	-0.001975601
Metabolism of vitamins and cofactors	SERPINB9	0.068590448	-0.001975601
Metabolism of vitamins and cofactors	SFI1	0.076822335	-0.001975601
Metabolism of vitamins and cofactors	SLC35F5	0.06799832	-0.001975601
Metabolism of vitamins and cofactors	SMS	0.177465209	-0.001975601
Deadenylation-dependent mRNA decay	ARHGAP15	0.067079045	-0.002399072
Deadenylation-dependent mRNA decay	C1D	0.060874628	-0.002399072
Deadenylation-dependent mRNA decay	CASP1	0.046991482	-0.002399072
Deadenylation-dependent mRNA decay	CASP4	0.033866058	-0.002399072
Deadenylation-dependent mRNA decay	CTSB	0.130416533	-0.002399072
Deadenylation-dependent mRNA decay	CTSH	0.286181304	-0.002399072
Deadenylation-dependent mRNA decay	DCP2	0.082755761	-0.002399072
Deadenylation-dependent mRNA decay	DHPS	0.085163238	-0.002399072
Deadenylation-dependent mRNA decay	DLGAP5	0.140965802	-0.002399072
Deadenylation-dependent mRNA decay	EIF4B	0.121404513	-0.002399072
Deadenylation-dependent mRNA decay	EIF4E	0.059335694	-0.002399072
Deadenylation-dependent mRNA decay	EIF4EBP2	0.059248336	-0.002399072
Deadenylation-dependent mRNA decay	EIF4G1	0.113841236	-0.002399072
Deadenylation-dependent mRNA decay	EXOSC1	0.073003499	-0.002399072
Deadenylation-dependent mRNA decay	EXOSC3	0.091781112	-0.002399072
Deadenylation-dependent mRNA decay	EXOSC5	0.056561267	-0.002399072
Deadenylation-dependent mRNA decay	EXOSC7	0.068317161	-0.002399072
Deadenylation-dependent mRNA decay	EXOSC8	0.138523541	-0.002399072
Deadenylation-dependent mRNA decay	EXOSC9	0.088060464	-0.002399072
Deadenylation-dependent mRNA decay	GIGYF2	0.07391534	-0.002399072
Deadenylation-dependent mRNA decay	HELZ	0.089818115	-0.002399072
Deadenylation-dependent mRNA decay	LARP4	0.096959916	-0.002399072
Deadenylation-dependent mRNA decay	LSM1	0.077960546	-0.002399072
Deadenylation-dependent mRNA decay	LSM14A	0.098437965	-0.002399072
Deadenylation-dependent mRNA decay	LSM3	0.172404318	-0.002399072
Deadenylation-dependent mRNA decay	LSM5	0.136092556	-0.002399072
Deadenylation-dependent mRNA decay	LSM6	0.107039724	-0.002399072
Deadenylation-dependent mRNA decay	LSM8	0.136068823	-0.002399072
Deadenylation-dependent mRNA decay	MREG	0.104007206	-0.002399072
Deadenylation-dependent mRNA decay	NAA38	0.094494423	-0.002399072
Deadenylation-dependent mRNA decay	NAXE	0.075701913	-0.002399072
Deadenylation-dependent mRNA decay	NOL7	0.086495926	-0.002399072
Deadenylation-dependent mRNA decay	NSUN5	0.066292238	-0.002399072
Deadenylation-dependent mRNA decay	PABPC4	0.112189665	-0.002399072
Deadenylation-dependent mRNA decay	PAIP2	0.113726061	-0.002399072
Deadenylation-dependent mRNA decay	PAN3	0.078850823	-0.002399072
Deadenylation-dependent mRNA decay	PARN	0.07829931	-0.002399072
Deadenylation-dependent mRNA decay	PDCD4	0.126213943	-0.002399072
Deadenylation-dependent mRNA decay	PKN2	0.090722962	-0.002399072
Deadenylation-dependent mRNA decay	PNRC2	0.132788907	-0.002399072
Deadenylation-dependent mRNA decay	PYCARD	0.11739765	-0.002399072
Deadenylation-dependent mRNA decay	RAMAC	0.051067486	-0.002399072
Deadenylation-dependent mRNA decay	TENT2	0.064454648	-0.002399072
Deadenylation-dependent mRNA decay	USP4	0.057227382	-0.002399072
Deadenylation-dependent mRNA decay	WDR44	0.065673362	-0.002399072
Deadenylation-dependent mRNA decay	WDR75	0.053190019	-0.002399072
Deadenylation-dependent mRNA decay	ZNF511	0.077676517	-0.002399072
Biological oxidations	ACYP2	0.054490801	-0.003376116
Biological oxidations	ARNT	0.062087684	-0.003376116
Biological oxidations	BLVRB	0.074004146	-0.003376116
Biological oxidations	CBR1	0.096874046	-0.003376116
Biological oxidations	DKC1	0.056972913	-0.003376116
Biological oxidations	EMD	0.103891945	-0.003376116
Biological oxidations	HDAC7	0.050674616	-0.003376116
Biological oxidations	HIF1A	0.058304999	-0.003376116
Biological oxidations	LDHB	0.139344094	-0.003376116
Biological oxidations	MPHOSPH9	0.078068763	-0.003376116
Biological oxidations	MRM2	0.11913641	-0.003376116
Biological oxidations	NUP58	0.092956303	-0.003376116
Biological oxidations	RACK1	0.059899026	-0.003376116
Biological oxidations	SNX10	0.101563588	-0.003376116
Biological oxidations	SSR3	0.158465611	-0.003376116
Biological oxidations	SUCO	0.054532611	-0.003376116
Biological oxidations	TNFRSF4	0.109575089	-0.003376116
Biological oxidations	TNFSF4	0.158579052	-0.003376116
Biological oxidations	XBP1	0.057382543	-0.003376116
Biological oxidations	YTHDF3	0.051055424	-0.003376116
Biological oxidations	ZRANB2	0.058295911	-0.003376116
Metabolism of lipids	SSR3	0.158465611	-0.003649745
Metabolism of lipids	WDR44	0.065673362	-0.003649745
Metabolism of lipids	PLIN2	0.069707208	-0.003649745
Metabolism of lipids	ACSL1	0.127395028	-0.003649745
Metabolism of lipids	ACSL5	0.07678458	-0.003649745
Metabolism of lipids	AGPAT3	0.072603029	-0.003649745
Metabolism of lipids	ALOX5AP	0.197854219	-0.003649745
Metabolism of lipids	ARL8B	0.146856466	-0.003649745
Metabolism of lipids	CERT1	0.08817169	-0.003649745
Metabolism of lipids	CHKB	0.065254163	-0.003649745
Metabolism of lipids	CLDND1	0.062637482	-0.003649745
Metabolism of lipids	COTL1	0.230154976	-0.003649745
Metabolism of lipids	CPT2	0.054238658	-0.003649745
Metabolism of lipids	ESYT1	0.091751716	-0.003649745
Metabolism of lipids	ESYT2	0.080657419	-0.003649745
Metabolism of lipids	FADS2	0.056539632	-0.003649745
Metabolism of lipids	FDFT1	0.121542212	-0.003649745
Metabolism of lipids	GM2A	0.137479509	-0.003649745
Metabolism of lipids	HERPUD2	0.063762061	-0.003649745
Metabolism of lipids	HEXA	0.055952584	-0.003649745
Metabolism of lipids	HEXB	0.066004436	-0.003649745
Metabolism of lipids	HTATIP2	0.071740939	-0.003649745
Metabolism of lipids	IFITM3	0.057962361	-0.003649745
Metabolism of lipids	LBR	0.071888131	-0.003649745
Metabolism of lipids	LRRC59	0.094310288	-0.003649745
Metabolism of lipids	MAGT1	0.080354085	-0.003649745
Metabolism of lipids	NME1	0.131807263	-0.003649745
Metabolism of lipids	OSBP	0.096824307	-0.003649745
Metabolism of lipids	PCLAF	0.289677482	-0.003649745
Metabolism of lipids	PI4KA	0.052262877	-0.003649745
Metabolism of lipids	PIK3CD	0.115831038	-0.003649745
Metabolism of lipids	PIK3CG	0.100621165	-0.003649745
Metabolism of lipids	PIK3R1	0.086073208	-0.003649745
Metabolism of lipids	PLCG2	0.117870183	-0.003649745
Metabolism of lipids	PSMD4	0.089961644	-0.003649745
Metabolism of lipids	PTEN	0.101042036	-0.003649745
Metabolism of lipids	PTPN1	0.139138736	-0.003649745
Metabolism of lipids	RPS6KA1	0.121754612	-0.003649745
Metabolism of lipids	S100A10	0.245743753	-0.003649745
Metabolism of lipids	S100A11	0.180269245	-0.003649745
Metabolism of lipids	S100A4	0.126321752	-0.003649745
Metabolism of lipids	S100A6	0.068645843	-0.003649745
Metabolism of lipids	SERBP1	0.129178206	-0.003649745
Metabolism of lipids	SREBF2	0.111737751	-0.003649745
Metabolism of lipids	SSR1	0.077693275	-0.003649745
Metabolism of lipids	SSR2	0.131148859	-0.003649745
Metabolism of lipids	TRAM1	0.067220044	-0.003649745
Metabolism of lipids	VAPA	0.056345166	-0.003649745
Post-translational protein modification	CBR1	0.096874046	-0.009323189
Post-translational protein modification	HIF1A	0.058304999	-0.009323189
Post-translational protein modification	SSR3	0.158465611	-0.009323189
Post-translational protein modification	XBP1	0.057382543	-0.009323189
Post-translational protein modification	DHPS	0.085163238	-0.009323189
Post-translational protein modification	GART	0.087101761	-0.009323189
Post-translational protein modification	MGAT1	0.079748229	-0.009323189
Post-translational protein modification	PDCD6	0.100013225	-0.009323189
Post-translational protein modification	ESYT1	0.091751716	-0.009323189
Post-translational protein modification	ESYT2	0.080657419	-0.009323189
Post-translational protein modification	FADS2	0.056539632	-0.009323189
Post-translational protein modification	FDFT1	0.121542212	-0.009323189
Post-translational protein modification	LBR	0.071888131	-0.009323189
Post-translational protein modification	SREBF2	0.111737751	-0.009323189
Post-translational protein modification	SSR1	0.077693275	-0.009323189
Post-translational protein modification	TRAM1	0.067220044	-0.009323189
Post-translational protein modification	JUN	0.122774171	-0.009323189
Post-translational protein modification	SRRT	0.105215086	-0.009323189
Post-translational protein modification	CAND1	0.096891561	-0.009323189
Post-translational protein modification	CUL1	0.119799366	-0.009323189
Post-translational protein modification	ETF1	0.098940865	-0.009323189
Post-translational protein modification	KIF23	0.096132767	-0.009323189
Post-translational protein modification	SNRNP70	0.068727681	-0.009323189
Post-translational protein modification	WWP2	0.064528773	-0.009323189
Post-translational protein modification	ABRAXAS1	0.05058272	-0.009323189
Post-translational protein modification	ABRAXAS2	0.064177443	-0.009323189
Post-translational protein modification	AGGF1	0.093350347	-0.009323189
Post-translational protein modification	ANXA4	0.15141579	-0.009323189
Post-translational protein modification	APOBEC3G	0.063894544	-0.009323189
Post-translational protein modification	ARF4	0.077679524	-0.009323189
Post-translational protein modification	ARL6IP5	0.147152326	-0.009323189
Post-translational protein modification	ATP2A2	0.05264178	-0.009323189
Post-translational protein modification	BABAM1	0.125148103	-0.009323189
Post-translational protein modification	BABAM2	0.060147295	-0.009323189
Post-translational protein modification	BCOR	0.066783006	-0.009323189
Post-translational protein modification	BIRC5	0.168297514	-0.009323189
Post-translational protein modification	BMI1	0.051291072	-0.009323189
Post-translational protein modification	BRCC3	0.069725567	-0.009323189
Post-translational protein modification	CALU	0.058644214	-0.009323189
Post-translational protein modification	CANX	0.122163271	-0.009323189
Post-translational protein modification	CBL	0.079586924	-0.009323189
Post-translational protein modification	CCNF	0.053391835	-0.009323189
Post-translational protein modification	CD55	0.070891277	-0.009323189
Post-translational protein modification	CD59	0.118916368	-0.009323189
Post-translational protein modification	CDCA8	0.146329192	-0.009323189
Post-translational protein modification	CDKN1A	0.193077277	-0.009323189
Post-translational protein modification	CDKN2AIP	0.059956592	-0.009323189
Post-translational protein modification	COP1	0.100664431	-0.009323189
Post-translational protein modification	COPB2	0.093396233	-0.009323189
Post-translational protein modification	COPG1	0.059142369	-0.009323189
Post-translational protein modification	COPS5	0.102665504	-0.009323189
Post-translational protein modification	CRBN	0.064801743	-0.009323189
Post-translational protein modification	CREB1	0.099057196	-0.009323189
Post-translational protein modification	CREBBP	0.072858811	-0.009323189
Post-translational protein modification	CSNK2A2	0.060447616	-0.009323189
Post-translational protein modification	CTNNB1	0.102075704	-0.009323189
Post-translational protein modification	CTSC	0.078813352	-0.009323189
Post-translational protein modification	CUEDC2	0.111562165	-0.009323189
Post-translational protein modification	CUL2	0.073987074	-0.009323189
Post-translational protein modification	CUL3	0.09514163	-0.009323189
Post-translational protein modification	CUL5	0.06683166	-0.009323189
Post-translational protein modification	CUL9	0.059622357	-0.009323189
Post-translational protein modification	DCAF11	0.054052428	-0.009323189
Post-translational protein modification	DCAF6	0.18005265	-0.009323189
Post-translational protein modification	DCAF7	0.13844283	-0.009323189
Post-translational protein modification	DCAF8	0.068062853	-0.009323189
Post-translational protein modification	DDA1	0.070534367	-0.009323189
Post-translational protein modification	DDB1	0.132606199	-0.009323189
Post-translational protein modification	DDB2	0.203629615	-0.009323189
Post-translational protein modification	DNA2	0.062943475	-0.009323189
Post-translational protein modification	DNAJA1	0.071248691	-0.009323189
Post-translational protein modification	DTL	0.092820043	-0.009323189
Post-translational protein modification	EGLN1	0.060898412	-0.009323189
Post-translational protein modification	EIF2A	0.081170889	-0.009323189
Post-translational protein modification	ELOB	0.097053068	-0.009323189
Post-translational protein modification	ELOC	0.149288065	-0.009323189
Post-translational protein modification	EP300	0.062189655	-0.009323189
Post-translational protein modification	ERCC6	0.070994233	-0.009323189
Post-translational protein modification	ESR1	0.064890016	-0.009323189
Post-translational protein modification	ESR2	0.065121145	-0.009323189
Post-translational protein modification	ETS1	0.103459234	-0.009323189
Post-translational protein modification	FAF1	0.083087215	-0.009323189
Post-translational protein modification	FBXO11	0.087629221	-0.009323189
Post-translational protein modification	FBXW11	0.089218303	-0.009323189
Post-translational protein modification	FBXW5	0.059873241	-0.009323189
Post-translational protein modification	FKBP8	0.095619039	-0.009323189
Post-translational protein modification	FMR1	0.052794325	-0.009323189
Post-translational protein modification	FOXO1	0.100621687	-0.009323189
Post-translational protein modification	GAPVD1	0.093174356	-0.009323189
Post-translational protein modification	GFPT1	0.060026648	-0.009323189
Post-translational protein modification	GOLGA2	0.050671189	-0.009323189
Post-translational protein modification	GOLGA4	0.080923514	-0.009323189
Post-translational protein modification	GOLGB1	0.100737191	-0.009323189
Post-translational protein modification	GOPC	0.062221585	-0.009323189
Post-translational protein modification	GSK3B	0.096643205	-0.009323189
Post-translational protein modification	HDAC1	0.113798635	-0.009323189
Post-translational protein modification	HDAC3	0.096466846	-0.009323189
Post-translational protein modification	HIPK2	0.065741692	-0.009323189
Post-translational protein modification	HLTF	0.072029186	-0.009323189
Post-translational protein modification	HPF1	0.057601762	-0.009323189
Post-translational protein modification	HSP90B1	0.069966623	-0.009323189
Post-translational protein modification	IL16	0.084903057	-0.009323189
Post-translational protein modification	ITCH	0.095553346	-0.009323189
Post-translational protein modification	KDM2B	0.153570594	-0.009323189
Post-translational protein modification	KEAP1	0.09002645	-0.009323189
Post-translational protein modification	KIF2C	0.145834055	-0.009323189
Post-translational protein modification	KLF6	0.134659984	-0.009323189
Post-translational protein modification	KPNA3	0.081597659	-0.009323189
Post-translational protein modification	KPNA4	0.068176253	-0.009323189
Post-translational protein modification	LAT2	0.089862585	-0.009323189
Post-translational protein modification	LMAN1	0.118104638	-0.009323189
Post-translational protein modification	LRRK2	0.15819748	-0.009323189
Post-translational protein modification	MAPK1	0.109758583	-0.009323189
Post-translational protein modification	MAPK14	0.074168296	-0.009323189
Post-translational protein modification	MAPK8	0.113770794	-0.009323189
Post-translational protein modification	MAPK8IP3	0.071105334	-0.009323189
Post-translational protein modification	MDM2	0.217182353	-0.009323189
Post-translational protein modification	MPZL1	0.053496417	-0.009323189
Post-translational protein modification	MTF2	0.11211432	-0.009323189
Post-translational protein modification	NAE1	0.056822738	-0.009323189
Post-translational protein modification	NCOA3	0.124945814	-0.009323189
Post-translational protein modification	NCOR1	0.164452899	-0.009323189
Post-translational protein modification	NCOR2	0.125015654	-0.009323189
Post-translational protein modification	NEK1	0.073584937	-0.009323189
Post-translational protein modification	NR3C1	0.132574933	-0.009323189
Post-translational protein modification	NUP107	0.121860872	-0.009323189
Post-translational protein modification	NUP210	0.087356029	-0.009323189
Post-translational protein modification	P4HB	0.172721299	-0.009323189
Post-translational protein modification	PARP12	0.034970325	-0.009323189
Post-translational protein modification	PCGF5	0.132013205	-0.009323189
Post-translational protein modification	PIAS1	0.113524407	-0.009323189
Post-translational protein modification	PIN1	0.142829132	-0.009323189
Post-translational protein modification	PLAGL1	0.058935443	-0.009323189
Post-translational protein modification	PML	0.078823464	-0.009323189
Post-translational protein modification	POGLUT1	0.09177302	-0.009323189
Post-translational protein modification	PSEN1	0.053249815	-0.009323189
Post-translational protein modification	RAB13	0.14345802	-0.009323189
Post-translational protein modification	RAB1A	0.125574422	-0.009323189
Post-translational protein modification	RAB31	0.145530568	-0.009323189
Post-translational protein modification	RAB4A	0.093162246	-0.009323189
Post-translational protein modification	RAB5A	0.086326956	-0.009323189
Post-translational protein modification	RAB8B	0.105503413	-0.009323189
Post-translational protein modification	RABEP1	0.079986479	-0.009323189
Post-translational protein modification	RAD23B	0.111733928	-0.009323189
Post-translational protein modification	RAN	0.12449475	-0.009323189
Post-translational protein modification	RANBP1	0.126258697	-0.009323189
Post-translational protein modification	RANBP2	0.099700701	-0.009323189
Post-translational protein modification	RANGAP1	0.090984471	-0.009323189
Post-translational protein modification	RB1	0.106912735	-0.009323189
Post-translational protein modification	RBBP8	0.064969927	-0.009323189
Post-translational protein modification	RBM17	0.104571578	-0.009323189
Post-translational protein modification	RBM25	0.056527129	-0.009323189
Post-translational protein modification	RBM39	0.096726407	-0.009323189
Post-translational protein modification	RBX1	0.126484615	-0.009323189
Post-translational protein modification	RHBDD2	0.05292193	-0.009323189
Post-translational protein modification	RNF4	0.077818351	-0.009323189
Post-translational protein modification	RNF7	0.123373772	-0.009323189
Post-translational protein modification	RNFT1	0.057530865	-0.009323189
Post-translational protein modification	RYBP	0.074445994	-0.009323189
Post-translational protein modification	SAMHD1	0.05975443	-0.009323189
Post-translational protein modification	SAR1A	0.081656853	-0.009323189
Post-translational protein modification	SEC22A	0.054171348	-0.009323189
Post-translational protein modification	SEC22B	0.064250948	-0.009323189
Post-translational protein modification	SEC24B	0.052930364	-0.009323189
Post-translational protein modification	SETX	0.069993128	-0.009323189
Post-translational protein modification	SF1	0.050303295	-0.009323189
Post-translational protein modification	SKP1	0.126102969	-0.009323189
Post-translational protein modification	SMAD2	0.053185586	-0.009323189
Post-translational protein modification	SMAD3	0.082753963	-0.009323189
Post-translational protein modification	SMAD4	0.073797071	-0.009323189
Post-translational protein modification	SMC5	0.060707619	-0.009323189
Post-translational protein modification	SMC6	0.119078885	-0.009323189
Post-translational protein modification	SOX4	0.088293009	-0.009323189
Post-translational protein modification	SPTAN1	0.157667184	-0.009323189
Post-translational protein modification	SPTBN1	0.144302819	-0.009323189
Post-translational protein modification	STAT1	-0.02779855	-0.009323189
Post-translational protein modification	STUB1	0.096296809	-0.009323189
Post-translational protein modification	SUMO1	0.142525813	-0.009323189
Post-translational protein modification	SUMO2	0.109036902	-0.009323189
Post-translational protein modification	TCERG1	0.087757841	-0.009323189
Post-translational protein modification	TGIF2	0.050305487	-0.009323189
Post-translational protein modification	TMBIM6	0.07376007	-0.009323189
Post-translational protein modification	TMED10	0.065985225	-0.009323189
Post-translational protein modification	TNFAIP8	0.087221909	-0.009323189
Post-translational protein modification	TOP2A	0.250136903	-0.009323189
Post-translational protein modification	TOP2B	0.108271433	-0.009323189
Post-translational protein modification	TOPORS	0.063098674	-0.009323189
Post-translational protein modification	TP53	0.080980974	-0.009323189
Post-translational protein modification	TRAPPC8	0.055572806	-0.009323189
Post-translational protein modification	TRIM21	0.013624585	-0.009323189
Post-translational protein modification	TRIM27	0.056778227	-0.009323189
Post-translational protein modification	TRPC4AP	0.057388712	-0.009323189
Post-translational protein modification	TXNDC5	0.055528774	-0.009323189
Post-translational protein modification	U2AF2	0.067314436	-0.009323189
Post-translational protein modification	UBB	0.111906441	-0.009323189
Post-translational protein modification	UBC	0.094642904	-0.009323189
Post-translational protein modification	UBE2A	0.142320001	-0.009323189
Post-translational protein modification	UBE2D3	0.095039632	-0.009323189
Post-translational protein modification	UBE2E1	0.121518352	-0.009323189
Post-translational protein modification	UBE2G1	0.060120789	-0.009323189
Post-translational protein modification	UBE2I	0.119045975	-0.009323189
Post-translational protein modification	UBE2K	0.112841024	-0.009323189
Post-translational protein modification	UBE2L3	0.139490376	-0.009323189
Post-translational protein modification	UBE2L6	0.0534924	-0.009323189
Post-translational protein modification	UBE2N	0.131405367	-0.009323189
Post-translational protein modification	UBE2R2	0.102004261	-0.009323189
Post-translational protein modification	UBE2V1	0.098794419	-0.009323189
Post-translational protein modification	UBE2V2	0.080266761	-0.009323189
Post-translational protein modification	UBE3A	0.081951426	-0.009323189
Post-translational protein modification	UBR1	0.065040863	-0.009323189
Post-translational protein modification	UBR5	0.136366702	-0.009323189
Post-translational protein modification	UBXN1	0.090395346	-0.009323189
Post-translational protein modification	USP1	0.141716799	-0.009323189
Post-translational protein modification	USP24	0.105846518	-0.009323189
Post-translational protein modification	USP33	0.07594205	-0.009323189
Post-translational protein modification	VIRMA	0.064891484	-0.009323189
Post-translational protein modification	WDHD1	0.10398903	-0.009323189
Post-translational protein modification	XPO1	0.11982473	-0.009323189
Post-translational protein modification	ZMIZ1	0.146649254	-0.009323189
Post-translational protein modification	ZWILCH	0.079154363	-0.009323189
